{"train/batch_cost": 1.4896984100341797, "train/batch_acc": 0.9791666666666666, "train/batch_acc_bf": 0.34375, "train/batch_pg": 2.993292808532715, "train/batch_loss": 2.7496979236602783, "train/batch_tau": 0.899377167224884, "_timestamp": 1701507655.5531147, "_runtime": 10053.249985694885, "_step": 11849, "train/epoch_cost": 1.4873495796893506, "train/epoch_acc": 0.9831394060283688, "train/epoch_acc_bf": 0.19280252659574468, "train/epoch_tau": 0.9000691104442515, "train/epoch_PG": 2.747348383639721, "test/epoch_cost": 1.4916973739862442, "test/epoch_acc": 0.9767578125, "test/epoch_acc_bf": 0.293359375, "test/epoch_tau": 0.8999084174633026, "test/epoch_PG": 2.99561784863472, "test/epoch_L": 2.7516961991786957, "_wandb": {"runtime": 10052}}