{"train/batch_cost": 2.1971521377563477, "train/batch_acc": 0.24561403508771928, "train/batch_acc_bf": 0.08771929824561403, "train/batch_pg": 3.6358652114868164, "train/batch_loss": 2.611415147781372, "train/batch_tau": 0.773166298866272, "_timestamp": 1701386692.5841799, "_runtime": 37434.562134981155, "_step": 73499, "train/epoch_cost": 2.0981378073906995, "train/epoch_acc": 0.35884804097556294, "train/epoch_acc_bf": 0.18829156793757929, "train/epoch_tau": 0.7745812511704303, "train/epoch_PG": 2.525621313027438, "test/epoch_cost": 2.1184817310494024, "test/epoch_acc": 0.3353783524904216, "test/epoch_acc_bf": 0.19593390804597702, "test/epoch_tau": 0.7707054105755013, "test/epoch_PG": 3.5206971150248445, "test/epoch_L": 2.5268580301511334, "_wandb": {"runtime": 37433}}