{"train/batch_cost": 2.341151237487793, "train/batch_acc": 0.12, "train/batch_acc_bf": 0.12, "train/batch_pg": 5.308566570281982, "train/batch_loss": 3.601152181625366, "train/batch_tau": 0.8995029926300049, "_timestamp": 1701347174.3713605, "_runtime": 18240.11448764801, "_step": 2763, "train/epoch_cost": 2.270616758569038, "train/epoch_acc": 0.18900799064509835, "train/epoch_acc_bf": 0.18865328396024156, "train/epoch_tau": 0.8997624040381808, "train/epoch_PG": 3.5297848602596766, "test/epoch_cost": 2.2649726368872996, "test/epoch_acc": 0.1958901151631478, "test/epoch_acc_bf": 0.1958901151631478, "test/epoch_tau": 0.9000430792398507, "test/epoch_PG": 5.176830620317221, "test/epoch_L": 3.5249735819401073, "_wandb": {"runtime": 18241}}