{"train/batch_cost": 2.2971644401550293, "train/batch_acc": 0.130859375, "train/batch_pg": 5.5414228439331055, "train/batch_tau": 0.2, "_timestamp": 1693322000.3236873, "_runtime": 821.1454722881317, "_step": 705, "train/epoch_cost": 2.2981414087748124, "train/epoch_acc": 0.1264455331920904, "train/epoch_tau": 0.2, "train/epoch_PG": 5.542555667586246, "test/batch_acc": 0.12867647058823528, "test/batch_cost": 2.295339345932007, "test/batch_pg": 5.536576271057129, "test/epoch_acc": 0.13280101102941178, "test/epoch_cost": 2.295987856388092, "test/epoch_pg": 5.538665413856506, "_wandb": {"runtime": 818}}