{"train/batch_cost": 2.195497989654541, "train/batch_acc": 0.25, "train/batch_acc_bf": 0.14, "train/batch_pg": 4.346129894256592, "train/batch_loss": 3.4550139904022217, "train/batch_tau": 0.9006207585334778, "_timestamp": 1701446011.1213288, "_runtime": 48771.484994888306, "_step": 20907, "train/epoch_cost": 2.203716455670366, "train/epoch_acc": 0.24492927407194678, "train/epoch_acc_bf": 0.14011320935353389, "train/epoch_tau": 0.8999488839185905, "train/epoch_PG": 3.46324078317879, "test/epoch_cost": 2.1918169365075357, "test/epoch_acc": 0.26402777777777764, "test/epoch_acc_bf": 0.15929118773946352, "test/epoch_tau": 0.8999152064780166, "test/epoch_PG": 4.3409559260839705, "test/epoch_L": 3.4513445010130432, "_wandb": {"runtime": 48772}}