{"train/batch_cost": 1.7201091051101685, "train/batch_acc": 0.7395833333333334, "train/batch_acc_bf": 0.3229166666666667, "train/batch_pg": 3.261380195617676, "train/batch_loss": 2.9801087379455566, "train/batch_tau": 0.8996053338050842, "_timestamp": 1701490253.2493367, "_runtime": 174.51087069511414, "_step": 235, "train/epoch_cost": 2.022858641502705, "train/epoch_acc": 0.496980274822695, "train/epoch_acc_bf": 0.15155695921985815, "train/epoch_tau": 0.8979558400651242, "train/epoch_PG": 3.2793563944228152, "_wandb": {"runtime": 858}}