{"train/batch_cost": 1.9593899250030518, "train/batch_acc": 0.49609375, "train/batch_acc_bf": 0.13671875, "train/batch_pg": 4.012115955352783, "train/batch_loss": 3.2154626846313477, "train/batch_tau": 0.9000956416130066, "_timestamp": 1702038956.4171195, "_runtime": 527435.1863064766, "_step": 26075, "train/epoch_cost": 1.9923636028575564, "train/epoch_acc": 0.4655159821959718, "train/epoch_acc_bf": 0.1412168962989717, "train/epoch_tau": 0.8994749763701435, "train/epoch_PG": 3.2478879893698345, "test/epoch_cost": 1.9852140370537252, "test/epoch_acc": 0.4737320354278075, "test/epoch_acc_bf": 0.09199880236185384, "test/epoch_tau": 0.8995303166847602, "test/epoch_PG": 4.048436721165975, "test/epoch_L": 3.241389326020783, "_wandb": {"runtime": 527446}}