{"train/batch_cost": 1.8604973554611206, "train/batch_acc": 0.640625, "train/batch_acc_bf": 0.25, "train/batch_pg": 3.004378318786621, "train/batch_loss": 2.1262426376342773, "train/batch_tau": 0.7379615902900696, "_timestamp": 1701497596.0882792, "_runtime": 6641.591177225113, "_step": 8442, "train/epoch_cost": 1.818517730591145, "train/epoch_acc": 0.6775653812056738, "train/epoch_acc_bf": 0.29424867021276596, "train/epoch_tau": 0.7369088287049151, "train/epoch_PG": 2.081140999591097, "test/epoch_cost": 1.813463604450226, "test/epoch_acc": 0.67998046875, "test/epoch_acc_bf": 0.31787109375, "test/epoch_tau": 0.7333811715245246, "test/epoch_PG": 2.935268998146057, "test/epoch_L": 2.062841150164604}