{"train/batch_cost": 1.6961816549301147, "train/batch_acc": 0.7708333333333334, "train/batch_acc_bf": 0.3229166666666667, "train/batch_pg": 3.2335398197174072, "train/batch_loss": 2.956181049346924, "train/batch_tau": 0.9001691341400146, "_timestamp": 1701489966.288555, "_runtime": 168.17755699157715, "_step": 235, "train/epoch_cost": 1.985776711524801, "train/epoch_acc": 0.5034962322695036, "train/epoch_acc_bf": 0.14949578900709218, "train/epoch_tau": 0.8984195891847002, "train/epoch_PG": 3.240607250497696, "_wandb": {"runtime": 261}}